{"stop_words": [], "quiz_active": false, "correct_number": 4, "participants": {"1154532549": 1702432154.4813051}, "attempts": {}, "winning_time": {"1154532549": 1702388954.481318}}